Count,Name,Site,E
1,EuBaNbO3,Nb,-20.96853
2,GdBaRuO3,Ru,-18.32282
3,PmMnO3,Mn,-16.63493
4,PmRuO3,Ru,-16.04179
5,PmCoO3,Co,-14.26714
6,PmScO3,Sc,-13.99271
7,NdBaMoO3,Mo,-12.17927
8,PrLaMoO3,Mo,-11.91463
9,GdMnO3,Mn,-11.85849
10,NdBaNbO3,Nb,-11.64865
11,PrTcO3,Tc,-10.30566
12,SmZrO3,Zr,-10.23399
13,EuZrO3,Zr,-10.22538
14,NdBaTcO3,Tc,-10.20162
15,LaZrO3,Zr,-10.17919
16,LaZrO3,Zr,-10.13759
17,LaZrO3,Zr,-10.13161
18,LaMnNbO3,Nb,-10.11395
19,CeLaZrO3,Zr,-10.08863
20,PrLaZrO3,Zr,-10.07232
21,LaFeNbO3,Nb,-10.02496
22,PrMnO3,Mn,-9.98742
23,CeLaNbO3,Nb,-9.98145
24,CeZrO3,Zr,-9.97998
25,SrFeRhO3,Rh,-9.96658
26,PrZrO3,Zr,-9.95784
27,PrMoO3,Mo,-9.94212
28,PrBaNbO3,Nb,-9.941
29,LaCrNbO3,Nb,-9.91714
30,LaSrZrO3,Zr,-9.83924
31,LaZrNbO3,Nb,-9.79704
32,LaMnMoO3,Mo,-9.77757
33,LaVNbO3,Nb,-9.76076
34,CeBaZrO3,Zr,-9.74413
35,EuMoO3,Mo,-9.71326
36,SmMoO3,Mo,-9.71286
37,NdTcO3,Tc,-9.71054
38,LaBaZrO3,Zr,-9.7029
39,NdCoO3,Co,-9.69483
40,SmNbO3,Nb,-9.64198
41,LaSrZrNbO3,Nb,-9.63551
42,LaNbTcO3,Nb,-9.6338
43,LaMoO3,Mo,-9.60977
44,LaFeMoO3,Mo,-9.57262
45,LaNbO3,Nb,-9.55879
46,SmBaZrO3,Zr,-9.55735
47,LaNbRhO3,Nb,-9.53739
48,EuNbO3,Nb,-9.53616
49,LaCoMoO3,Mo,-9.52512
50,CeLaMoO3,Mo,-9.52009
51,LaTiNbO3,Nb,-9.4959
52,LaSrMoTcO3,Mo,-9.49274
53,CeNbO3,Nb,-9.49102
54,LaNbMoO3,Nb,-9.47557
55,LaTiZrO3,Zr,-9.47147
56,PmNbO3,Nb,-9.46045
57,PmTcO3,Tc,-9.45506
58,LaZrNbO3,Zr,-9.45135
59,LaNbRuO3,Nb,-9.44209
60,LaVMoO3,Mo,-9.4318
61,LaZrMoO3,Zr,-9.43105
62,LaZrMoO3,Mo,-9.37708
63,NdMoO3,Mo,-9.35858
64,EuBaMnO3,Mn,-9.34968
65,SrZrNbO3,Nb,-9.29967
66,LaTiZrO3,Ti,-9.28625
67,LaMoRuO3,Mo,-9.28128
68,LaSrNbMoO3,Nb,-9.23372
69,LaSrTiMoO3,Mo,-9.16013
70,LaSrNiMoO3,Mo,-9.14245
71,CeMoO3,Mo,-9.11689
72,LaNiNbO3,Nb,-9.11118
73,LaSrTiNbO3,Nb,-9.10596
74,LaMoAgO3,Mo,-9.0944
75,PrLaTcO3,Tc,-9.08903
76,PmZrO3,Zr,-9.07985
77,GdBaMoO3,Mo,-9.07609
78,LaTiMoO3,Mo,-9.07111
79,EuTiO3,Ti,-9.05978
80,LaSrMnMoO3,Mo,-9.04438
81,LaNbMoO3,Mo,-9.03867
82,LaMoRhO3,Mo,-9.03137
83,LaSrZrMoO3,Mo,-8.98781
84,LaSrZrNbO3,Zr,-8.97662
85,LaMoTcO3,Mo,-8.96956
86,LaSrNbO3,Nb,-8.9482
87,SmBaMoO3,Mo,-8.94386
88,NdNbO3,Nb,-8.9337
89,LaSrVNbO3,Nb,-8.93307
90,LaMoPdO3,Mo,-8.93003
91,SmTiO3,Ti,-8.90682
92,LaSrNbO3,Nb,-8.89114
93,CeBaMoO3,Mo,-8.87969
94,PrBaZrO3,Zr,-8.87181
95,SmBaNbO3,Nb,-8.87162
96,LaSrCrNbO3,Nb,-8.85881
97,LaSrNbMoO3,Mo,-8.84915
98,EuBaTiO3,Ti,-8.82161
99,CeBaNbO3,Nb,-8.79478
100,LaSrNbTcO3,Nb,-8.78581
101,PrBaMoO3,Mo,-8.78307
102,LaBaNbO3,Nb,-8.76408
103,SrNbO3,Nb,-8.73571
104,SrNbO3,Nb,-8.72948
105,PrLaTiO3,Ti,-8.71184
106,SrNbMoO3,Mo,-8.70897
107,LaCoNbO3,Nb,-8.70866
108,CeTcO3,Tc,-8.70502
109,LaTcO3,Tc,-8.69609
110,EuBaMoO3,Mo,-8.68798
111,SrMoO3,Mo,-8.68093
112,SrMoO3,Mo,-8.67178
113,LaSrCrMoO3,Mo,-8.66147
114,LaSrTiZrO3,Ti,-8.65835
115,LaSrTiZrO3,Zr,-8.62816
116,LaSrCrTcO3,Tc,-8.62783
117,LaSrFeMoO3,Mo,-8.62585
118,GdBaNbO3,Nb,-8.61662
119,LaZrTcO3,Zr,-8.61559
120,PrTiO3,Ti,-8.60969
121,SrTiNbO3,Nb,-8.6044
122,LaVMoO3,V,-8.60129
123,LaTiNbO3,Ti,-8.58784
124,LaTcO3,Tc,-8.5751
125,LaSrMoRuO3,Mo,-8.5702
126,LaVZrO3,Zr,-8.55788
127,SrZrMoO3,Mo,-8.5558
128,CeLaTiO3,Ti,-8.55569
129,BaNbO3,Nb,-8.5468
130,LaTiO3,Ti,-8.53058
131,LaTiO3,Ti,-8.52995
132,CeTiO3,Ti,-8.52724
133,LaNiMoO3,Mo,-8.51374
134,LaVZrO3,V,-8.51275
135,SrZrNbO3,Zr,-8.49524
136,EuVO3,V,-8.48943
137,SrNbMoO3,Nb,-8.48784
138,BaMoO3,Mo,-8.44739
139,PrRuO3,Ru,-8.43711
140,LaMnZrO3,Zr,-8.4371
141,LaSrCrTcO3,Cr,-8.42812
142,SmVO3,V,-8.42165
143,PmCrO3,Cr,-8.42025
144,LaSrVTcO3,V,-8.39713
145,LaTiMoO3,Ti,-8.3964
146,CeLaTcO3,Tc,-8.39027
147,GdTiO3,Ti,-8.38586
148,PrBaMnO3,Mn,-8.36569
149,LaVMnO3,V,-8.36155
150,NdLaTiO3,Ti,-8.35973
151,LaVNbO3,V,-8.35894
152,SrFeRuO3,Ru,-8.32886
153,NdLaVO3,V,-8.32794
154,LaSrVTcO3,Tc,-8.32572
155,CeLaVO3,V,-8.2978
156,SrVMoO3,Mo,-8.29601
157,LaVCrO3,V,-8.28041
158,LaNbPdO3,Nb,-8.27064
159,LaVRhO3,V,-8.26601
160,SrTiMoO3,Mo,-8.26371
161,SrTcO3,Tc,-8.25151
162,NdVO3,V,-8.2382
163,PmBaZrO3,Zr,-8.23098
164,LaSrCoMoO3,Mo,-8.208
165,LaTiVO3,V,-8.19582
166,SrMoTcO3,Mo,-8.19424
167,CeVO3,V,-8.18975
168,LaSrMnNbO3,Nb,-8.18779
169,LaSrTiNbO3,Ti,-8.1673
170,LaVO3,V,-8.16668
171,LaVFeO3,V,-8.15601
172,GdVO3,V,-8.14988
173,SmBaVO3,V,-8.13738
174,LaSrVNbO3,V,-8.13627
175,LaVTcO3,V,-8.13388
176,SrFeRhO3,Fe,-8.114
177,PmTiO3,Ti,-8.09159
178,LaTcRuO3,Tc,-8.09075
179,PrLaRuO3,Ru,-8.05334
180,LaSrMoTcO3,Tc,-8.02982
181,LaVRuO3,V,-8.02645
182,LaSrZrMoO3,Zr,-8.02135
183,LaSrTcO3,Tc,-8.01235
184,NdTiO3,Ti,-8.00491
185,PrCrO3,Cr,-7.99218
186,LaTiVO3,Ti,-7.98569
187,CeBaVO3,V,-7.96424
188,CeCrO3,Cr,-7.95859
189,LaZrTcO3,Tc,-7.95564
190,EuTcO3,Tc,-7.94185
191,SmBaTiO3,Ti,-7.94117
192,LaTiMnO3,Ti,-7.93519
193,LaTcO3,Tc,-7.92573
194,SmTcO3,Tc,-7.91965
195,GdBaTiO3,Ti,-7.91277
196,LaMnTcO3,Tc,-7.90152
197,LaTiTcO3,Ti,-7.90092
198,LaSrTiO3,Ti,-7.89775
199,LaSrCuMoO3,Mo,-7.89469
200,SrTiNbO3,Ti,-7.88873
201,LaSrTiO3,Ti,-7.88122
202,SrCrMoO3,Mo,-7.87753
203,SrMnMoO3,Mo,-7.87697
204,LaBaTiO3,Ti,-7.87468
205,LaMoTcO3,Tc,-7.86964
206,LaSrTiMoO3,Ti,-7.86692
207,PrVO3,V,-7.86131
208,SrTcO3,Tc,-7.85963
209,SmBaTcO3,Tc,-7.85049
210,LaBaTcO3,Tc,-7.84579
211,LaSrZrTcO3,Tc,-7.83636
212,LaTiCrO3,Ti,-7.83497
213,CeBaTiO3,Ti,-7.81708
214,LaSrNbRuO3,Nb,-7.81479
215,LaTiTcO3,Tc,-7.77458
216,LaNbTcO3,Tc,-7.76736
217,LaCrMoO3,Cr,-7.77E+00
218,LaSrTcRhO3,Tc,-7.76407
219,LaVTcO3,Tc,-7.76217
220,SrNbTcO3,Nb,-7.75704
221,LaSrVZrO3,V,-7.7539
222,SrVNbO3,Nb,-7.75347
223,LaSrZrTcO3,Zr,-7.7531
224,LaTcPdO3,Tc,-7.74947
225,LaSrTcO3,Tc,-7.74274
226,LaTcRhO3,Tc,-7.7422
227,LaFeTcO3,Tc,-7.72167
228,LaFeZrO3,Zr,-7.71808
229,LaSrVMnO3,V,-7.71397
230,LaNiTcO3,Tc,-7.69768
231,CeBaTcO3,Tc,-7.69284
232,SrCrTcO3,Tc,-7.68272
233,LaSrNbTcO3,Tc,-7.66657
234,LaSrTcPdO3,Tc,-7.65513
235,LaSrFeNbO3,Nb,-7.64942
236,LaBaVO3,V,-7.63497
237,LaSrTiVO3,V,-7.62983
238,LaSrCuTcO3,Tc,-7.62636
239,LaVPdO3,V,-7.62351
240,SrVMoO3,V,-7.6203
241,LaCoTcO3,Tc,-7.60125
242,LaCrCoO3,Cr,-7.60E+00
243,GdCrO3,Cr,-7.58966
244,LaCuTcO3,Tc,-7.58886
245,PrBaTiO3,Ti,-7.5815
246,LaSrTiTcO3,Tc,-7.55827
247,LaZrRuO3,Zr,-7.5574
248,SrMoRuO3,Mo,-7.51453
249,LaSrMnTcO3,Tc,-7.49684
250,LaSrVCrO3,V,-7.49052
251,SrNbTcO3,Tc,-7.48408
252,PmVO3,V,-7.47815
253,LaSrTcRuO3,Tc,-7.46594
254,LaSrNiTcO3,Tc,-7.46258
255,LaZrRhO3,Zr,-7.44687
256,SrVNbO3,V,-7.44479
257,LaTcAgO3,Tc,-7.4418
258,GdBaVO3,V,-7.41007
259,PmBaTiO3,Ti,-7.39908
260,LaVNiO3,V,-7.39829
261,PmBaVO3,V,-7.39723
262,SrZrTcO3,Tc,-7.37679
263,SrZrMoO3,Zr,-7.36994
264,LaSrCoTcO3,Tc,-7.36775
265,SrMoRhO3,Mo,-7.36375
266,LaVCoO3,V,-7.35067
267,LaSrVZrO3,Zr,-7.3186
268,BaVO3,V,-7.29171
269,NdBaRhO3,Rh,-7.28395
270,SrTiMoO3,Ti,-7.28318
271,SrFeMoO3,Mo,-7.26613
272,BaTcO3,Tc,-7.2636
273,SrMoTcO3,Tc,-7.25267
274,GdBaRhO3,Rh,-7.21278
275,SrVTcO3,Tc,-7.19306
276,PrLaCrO3,Cr,-7.19127
277,SrTcPdO3,Tc,-7.1532
278,SrTiTcO3,Tc,-7.14941
279,EuBaVO3,V,-7.14481
280,LaSrTiTcO3,Ti,-7.141
281,SrTcRuO3,Tc,-7.12976
282,LaSrFeTcO3,Tc,-7.11099
283,LaVCrO3,Cr,-7.10544
284,SrCoTcO3,Tc,-7.07581
285,LaVCuO3,V,-7.05557
286,LaSrTiVO3,Ti,-7.03693
287,SrNbRuO3,Nb,-7.02919
288,SrCrTcO3,Cr,-7.02702
289,SrVZrO3,V,-7.01828
290,SrTcRhO3,Tc,-7.01314
291,LaCrNbO3,Cr,-7.01E+00
292,SrMnTcO3,Tc,-7.00917
293,EuCrO3,Cr,-7.00292
294,LaTiRuO3,Ti,-7.00219
295,LaSrVRuO3,V,-6.983
296,SrVO3,V,-6.96972
297,LaCrZrO3,Cr,-6.96922
298,LaCrRuO3,Cr,-6.96875
299,SrVO3,V,-6.96374
300,LaZrRuO3,Ru,-6.96165
301,CeRuO3,Ru,-6.95894
302,LaSrVRhO3,V,-6.93197
303,LaMoRuO3,Ru,-6.93003
304,LaCrRhO3,Cr,-6.90948
305,LaTcRuO3,Ru,-6.90625
306,SmCrO3,Cr,-6.90385
307,LaCoZrO3,Zr,-6.88863
308,SrVTcO3,V,-6.87302
309,LaNbAgO3,Nb,-6.87282
310,SrTiVO3,V,-6.85486
311,LaTiRhO3,Ti,-6.84138
312,LaCrMnO3,Cr,-6.82E+00
313,LaCrTcO3,Cr,-6.81513
314,SmRuO3,Ru,-6.80377
315,NdRuO3,Ru,-6.78436
316,LaCrO3,Cr,-6.78066
317,LaCrFeO3,Cr,-6.77E+00
318,EuRuO3,Ru,-6.7689
319,LaSrVCrO3,Cr,-6.76481
320,LaVRuO3,Ru,-6.73569
321,SrCrRuO3,Ru,-6.73386
322,LaSrCrFeO3,Cr,-6.73213
323,LaCrPdO3,Cr,-6.73097
324,LaTiRuO3,Ru,-6.70271
325,CeBaRuO3,Ru,-6.69355
326,NdCrO3,Cr,-6.69013
327,LaRuO3,Ru,-6.68744
328,LaTiFeO3,Ti,-6.68426
329,LaRuO3,Ru,-6.68265
330,LaTiCrO3,Cr,-6.6733
331,LaSrCoNbO3,Nb,-6.66024
332,LaCrAgO3,Cr,-6.66E+00
333,LaCrNiO3,Cr,-6.66E+00
334,LaSrCrMnO3,Cr,-6.65809
335,SrCrRuO3,Cr,-6.65494
336,LaSrCrMoO3,Cr,-6.64292
337,LaSrZrRuO3,Zr,-6.61719
338,PrNbO3,Nb,-6.61502
339,LaRuO3,Ru,-6.6104
340,LaZrPdO3,Zr,-6.60424
341,LaSrCrRhO3,Cr,-6.59364
342,LaSrCrNbO3,Cr,-6.57829
343,LaNbRuO3,Ru,-6.57622
344,LaCrCuO3,Cr,-6.57E+00
345,LaSrCrPdO3,Cr,-6.56565
346,SrMoRuO3,Ru,-6.56551
347,LaMnRuO3,Ru,-6.54025
348,SrVZrO3,Zr,-6.53035
349,LaSrCrO3,Cr,-6.50715
350,LaSrCrO3,Cr,-6.50248
351,LaCoMoO3,Co,-6.50058
352,LaSrZrRuO3,Ru,-6.48977
353,SrTiVO3,Ti,-6.48708
354,SrFeTcO3,Tc,-6.48428
355,LaFeRuO3,Ru,-6.47055
356,LaSrVRuO3,Ru,-6.46639
357,GdBaCrO3,Cr,-6.46263
358,BaCrO3,Cr,-6.45857
359,LaFeNbO3,Fe,-6.45454
360,LaMnNbO3,Mn,-6.44939
361,LaSrMoRuO3,Ru,-6.44416
362,SrMoPdO3,Mo,-6.42839
363,SrNiTcO3,Tc,-6.42417
364,LaSrTiCrO3,Cr,-6.4232
365,PrBaCrO3,Cr,-6.41255
366,SrCuTcO3,Tc,-6.40793
367,LaSrMnRuO3,Ru,-6.40247
368,LaSrCrZrO3,Cr,-6.38135
369,LaCuRuO3,Ru,-6.37897
370,LaSrRuO3,Ru,-6.365
371,LaSrCrCoO3,Cr,-6.36157
372,LaSrRuO3,Ru,-6.35926
373,LaBaCrO3,Cr,-6.35723
374,SrCrMoO3,Cr,-6.35047
375,LaSrTcRuO3,Ru,-6.34646
376,LaRuPdO3,Ru,-6.34179
377,SrCoMoO3,Mo,-6.34083
378,SrTcAgO3,Tc,-6.33763
379,SrNbRuO3,Ru,-6.32444
380,SrFeNbO3,Nb,-6.30988
381,LaCoRuO3,Ru,-6.2967
382,SrVRuO3,V,-6.29191
383,LaSrNbRuO3,Ru,-6.28407
384,LaSrRuRhO3,Ru,-6.28303
385,LaMnZrO3,Mn,-6.27934
386,SrVCrO3,Cr,-6.27127
387,SrCrNbO3,Nb,-6.2639
388,LaFeMoO3,Fe,-6.25546
389,SrMnNbO3,Nb,-6.25166
390,LaBaRuO3,Ru,-6.24559
391,SrZrRuO3,Ru,-6.23918
392,PmBaAgO3,Ag,-6.23598
393,SrRuO3,Ru,-6.22984
394,SrRuO3,Ru,-6.22942
395,SrCrNbO3,Cr,-6.22308
396,SmBaRuO3,Ru,-6.21642
397,LaTiPdO3,Ti,-6.21597
398,LaVAgO3,V,-6.20288
399,LaSrRuPdO3,Ru,-6.19704
400,LaSrMnZrO3,Zr,-6.17948
401,LaVFeO3,Fe,-6.16149
402,SrVRuO3,Ru,-6.15934
403,LaSrFeZrO3,Zr,-6.1577
404,LaMnMoO3,Mn,-6.14891
405,SrTcRuO3,Ru,-6.14119
406,LaRuAgO3,Ru,-6.12576
407,PmRhO3,Rh,-6.12563
408,LaSrCuRuO3,Ru,-6.12179
409,BaRuO3,Ru,-6.0895
410,SrVMnO3,V,-6.0887
411,LaSrCrNiO3,Cr,-6.07713
412,SrTiRuO3,Ru,-6.0666
413,SrVCrO3,V,-6.02716
414,LaSrTiRuO3,Ti,-6.02263
415,LaCoNbO3,Co,-6.01012
416,LaSrFeRuO3,Ru,-6.00852
417,CeBaCrO3,Cr,-6.00032
418,SrZrTcO3,Zr,-5.99442
419,LaNiRuO3,Ru,-5.98516
420,SrRuPdO3,Ru,-5.98439
421,LaSrNiNbO3,Nb,-5.97525
422,SrFeRuO3,Fe,-5.97505
423,LaRhO3,Rh,-5.93866
424,LaSrCoRuO3,Ru,-5.89317
425,SrCrFeO3,Cr,-5.89177
426,SrMnRuO3,Ru,-5.88919
427,LaVMnO3,Mn,-5.88724
428,LaRuRhO3,Ru,-5.88524
429,SrRuAgO3,Ru,-5.88135
430,SrTiCrO3,Cr,-5.86997
431,EuRhO3,Rh,-5.86112
432,SrCrZrO3,Cr,-5.86109
433,CeLaRhO3,Rh,-5.84698
434,LaTiMnO3,Mn,-5.84465
435,LaSrTiFeO3,Ti,-5.84317
436,SrCrO3,Cr,-5.84167
437,SrCrO3,Cr,-5.83998
438,LaSrNiRuO3,Ru,-5.83536
439,LaTiCoO3,Ti,-5.83343
440,PrBaCoO3,Co,-5.8092
441,LaSrCrCuO3,Cr,-5.80739
442,NdBaNiO3,Ni,-5.80597
443,SrCrMnO3,Cr,-5.80355
444,PrBaRhO3,Rh,-5.80144
445,SrRuRhO3,Ru,-5.76746
446,LaSrMnMoO3,Mn,-5.75102
447,LaFeZrO3,Fe,-5.74989
448,PrRhO3,Rh,-5.74754
449,LaNiZrO3,Zr,-5.74508
450,SrNiRuO3,Ru,-5.74417
451,SmRhO3,Rh,-5.7355
452,LaSrTiMnO3,Ti,-5.72136
453,LaTiFeO3,Fe,-5.70745
454,SrTiTcO3,Ti,-5.69676
455,SrNbRhO3,Nb,-5.69615
456,LaMoRhO3,Rh,-5.6908
457,LaSrVMnO3,Mn,-5.68697
458,LaSrFeNbO3,Fe,-5.68649
459,LaSrMnNbO3,Mn,-5.67932
460,NdRhO3,Rh,-5.66137
461,LaSrCrZrO3,Zr,-5.6579
462,LaSrMnAgO3,Mn,-5.65559
463,LaFeTcO3,Fe,-5.65205
464,LaSrFeMoO3,Fe,-5.64691
465,LaSrTiCrO3,Ti,-5.64114
466,LaRuRhO3,Rh,-5.63781
467,LaCoZrO3,Co,-5.64E+00
468,EuMnO3,Mn,-5.62054
469,LaMnRhO3,Rh,-5.61668
470,LaVRhO3,Rh,-5.61224
471,LaNbRhO3,Rh,-5.60644
472,SrNiMoO3,Mo,-5.58574
473,SrZrRuO3,Zr,-5.58171
474,LaSrZrRhO3,Rh,-5.58115
475,PrFeO3,Fe,-5.56825
476,SrCrRhO3,Cr,-5.55678
477,LaSrCrRhO3,Rh,-5.53847
478,LaSrRhO3,Rh,-5.52897
479,LaSrRhO3,Rh,-5.52713
480,SmMnO3,Mn,-5.52513
481,LaSrCrMnO3,Mn,-5.52352
482,LaSrCoMoO3,Co,-5.51484
483,SrCrPdO3,Cr,-5.50837
484,LaMnRuO3,Mn,-5.49439
485,LaSrMnRhO3,Rh,-5.49175
486,LaFeRuO3,Fe,-5.4774
487,LaRhPdO3,Rh,-5.4683
488,CeRhO3,Rh,-5.46386
489,SrNbRhO3,Rh,-5.46352
490,SrTiRuO3,Ti,-5.45139
491,LaCoRhO3,Rh,-5.43812
492,SrCoNbO3,Nb,-5.43735
493,SmBaRhO3,Rh,-5.43428
494,CeFeO3,Fe,-5.43422
495,LaTcRhO3,Rh,-5.43109
496,LaFeRhO3,Rh,-5.42915
497,LaMnFeO3,Fe,-5.41904
498,LaMnFeO3,Mn,-5.41188
499,SmFeO3,Fe,-5.40281
500,LaSrCoTcO3,Co,-5.40229
501,LaBaRhO3,Rh,-5.39638
502,LaCrFeO3,Fe,-5.38085
503,LaSrTcRhO3,Rh,-5.37449
504,SrMnMoO3,Mn,-5.36994
505,LaSrCuNbO3,Nb,-5.3679
506,LaVCoO3,Co,-5.36673
507,SrCuRuO3,Ru,-5.36635
508,LaSrTcPdO3,Pd,-5.36407
509,LaSrMnCoO3,Mn,-5.36179
510,LaCoTcO3,Co,-5.36E+00
511,LaTiNiO3,Ti,-5.36023
512,EuFeO3,Fe,-5.35898
513,SrNbPdO3,Nb,-5.3568
514,LaSrRuRhO3,Rh,-5.35658
515,LaMnTcO3,Mn,-5.3508
516,LaSrTiFeO3,Fe,-5.34808
517,LaNiMoO3,Ni,-5.34564
518,SrVCoO3,V,-5.33896
519,LaMnO3,Mn,-5.32853
520,LaMnPdO3,Mn,-5.31898
521,CeLaCoO3,Co,-5.31704
522,LaNiRhO3,Rh,-5.31413
523,SrVRhO3,V,-5.31404
524,LaSrRhPdO3,Rh,-5.31119
525,SrCrCoO3,Cr,-5.30257
526,LaCoRuO3,Co,-5.30E+00
527,SrTiCrO3,Ti,-5.30028
528,PrCoO3,Co,-5.29491
529,LaMnCoO3,Mn,-5.28798
530,SrVRhO3,Rh,-5.28345
531,LaCrMnO3,Mn,-5.2787
532,LaMnRhO3,Mn,-5.2768
533,LaSrFeZrO3,Fe,-5.27593
534,LaZrRhO3,Rh,-5.26885
535,LaSrMnZrO3,Mn,-5.26739
536,LaNiNbO3,Ni,-5.26709
537,LaFeO3,Fe,-5.24502
538,CeBaRhO3,Rh,-5.24474
539,LaCrCoO3,Co,-5.24324
540,PmBaMnO3,Mn,-5.24322
541,SrCrMnO3,Mn,-5.24203
542,SrRuRhO3,Rh,-5.23798
543,SrRuPdO3,Pd,-5.22444
544,LaSrCrFeO3,Fe,-5.21673
545,LaSrNbRhO3,Rh,-5.21329
546,SrFeTcO3,Fe,-5.20077
547,CeCoO3,Co,-5.19125
548,CeYO3,Y,-5.18369
549,LaSrNiMoO3,Ni,-5.18318
550,SrMnFeO3,Mn,-5.18172
551,LaSrZrRhO3,Zr,-5.18128
552,CeMnO3,Mn,-5.1812
553,LaMnNiO3,Mn,-5.18104
554,LaSrMnO3,Mn,-5.17596
555,LaSrCoZrO3,Zr,-5.17221
556,LaSrMnCuO3,Mn,-5.16697
557,LaBaMnO3,Mn,-5.16088
558,LaSrMnRuO3,Mn,-5.16041
559,LaMnAgO3,Mn,-5.15752
560,LaMnCuO3,Mn,-5.1507
561,LaZrAgO3,Zr,-5.14734
562,SrCrRhO3,Rh,-5.14384
563,SrFeMoO3,Fe,-5.14131
564,LaRhAgO3,Rh,-5.14024
565,SrZrRhO3,Rh,-5.13788
566,LaCuRhO3,Rh,-5.11934
567,EuBaZrO3,Zr,-5.11213
568,LaSrMnTcO3,Mn,-5.10974
569,LaSrCoNbO3,Co,-5.10934
570,LaSrRhAgO3,Rh,-5.10846
571,LaSrTiCoO3,Ti,-5.1005
572,SrCrZrO3,Zr,-5.09462
573,LaFeRhO3,Fe,-5.08147
574,EuCoO3,Co,-5.06891
575,NdMnO3,Mn,-5.06485
576,SrMoAgO3,Mo,-5.06277
577,LaSrTiRhO3,Ti,-5.05422
578,SrMnPdO3,Mn,-5.05334
579,LaFePdO3,Fe,-5.0488
580,LaCoRhO3,Co,-5.05E+00
581,SrCuMoO3,Mo,-5.04705
582,SrMoRhO3,Rh,-5.03764
583,SrRhPdO3,Rh,-5.03361
584,LaSrMnO3,Mn,-5.03069
585,SmCoO3,Co,-5.02626
586,SrCrFeO3,Fe,-5.02528
587,BaRhO3,Rh,-5.01874
588,NdPdO3,Pd,-5.00147
589,CeBaFeO3,Fe,-4.98357
590,LaSrVAgO3,V,-4.97557
591,EuBaPdO3,Pd,-4.9728
592,LaSrCoZrO3,Co,-4.96039
593,SmBaMnO3,Mn,-4.95185
594,LaMnCoO3,Co,-4.94383
595,LaCoO3,Co,-4.94306
596,SrCrNiO3,Cr,-4.94201
597,LaSrCoRhO3,Rh,-4.9416
598,LaSrMnFeO3,Mn,-4.93799
599,SrMnNbO3,Mn,-4.9364
600,SrRhAgO3,Rh,-4.93113
601,LaTiRhO3,Rh,-4.919
602,SrVMnO3,Mn,-4.90636
603,LaSrTiPdO3,Ti,-4.90488
604,LaSrVCuO3,V,-4.89896
605,LaSrCuTcO3,Cu,-4.87165
606,LaFeCoO3,Fe,-4.867
607,SrVPdO3,V,-4.86452
608,LaCoPdO3,Co,-4.86E+00
609,LaSrFeRuO3,Fe,-4.85682
610,LaCuZrO3,Zr,-4.83183
611,SrMnRhO3,Rh,-4.82721
612,SrMnTcO3,Mn,-4.82222
613,SrCoMoO3,Co,-4.81598
614,SrTiFeO3,Ti,-4.81597
615,LaTiAgO3,Ti,-4.81049
616,SrMnRhO3,Mn,-4.81014
617,LaSrCrCoO3,Co,-4.7968
618,LaNiRuO3,Ni,-4.79028
619,LaSrVRhO3,Rh,-4.77258
620,SrMnNiO3,Mn,-4.7709
621,SrMnRuO3,Mn,-4.76754
622,LaFeNiO3,Fe,-4.76753
623,LaSrTiCoO3,Co,-4.76184
624,LaSrCoRuO3,Co,-4.75443
625,SmBaFeO3,Fe,-4.7438
626,LaBaFeO3,Fe,-4.73293
627,LaSrFeO3,Fe,-4.72878
628,LaSrFeO3,Fe,-4.72871
629,LaCoO3,Co,-4.72E+00
630,LaCoO3,Co,-4.71723
631,SrCrAgO3,Cr,-4.71664
632,SrVCoO3,Co,-4.71014
633,LaTiCuO3,Ti,-4.69034
634,LaVNiO3,Ni,-4.67183
635,SrCoNbO3,Co,-4.67035
636,SrCrCuO3,Cr,-4.66064
637,SrNiNbO3,Nb,-4.6527
638,LaCoNiO3,Co,-4.64494
639,SrCuRhO3,Rh,-4.64487
640,SrFeZrO3,Zr,-4.63711
641,SrCoRhO3,Rh,-4.6211
642,LaSrNiTcO3,Ni,-4.62038
643,CeScO3,Sc,-4.60559
644,SrCrCoO3,Co,-4.60479
645,LaSrFeCoO3,Co,-4.56973
646,LaBaPdO3,Pd,-4.56929
647,LaSrFeTcO3,Fe,-4.56014
648,BaCoO3,Co,-4.55439
649,SrMnO3,Mn,-4.53918
650,LaSrCoPdO3,Co,-4.53692
651,LaSrFeCoO3,Fe,-4.53151
652,LaBaCoO3,Co,-4.51281
653,LaNiTcO3,Ni,-4.50724
654,LaSrFePdO3,Fe,-4.50208
655,SrTiMnO3,Mn,-4.49983
656,LaSrMnFeO3,Fe,-4.47605
657,SrVFeO3,Fe,-4.47448
658,SmBaCoO3,Co,-4.47163
659,LaNiRhO3,Ni,-4.45843
660,SrFeZrO3,Fe,-4.45519
661,SrNiRhO3,Rh,-4.4487
662,BaFeO3,Fe,-4.4371
663,SrVNiO3,V,-4.43565
664,SrMnO3,Mn,-4.43528
665,SrFeO3,Fe,-4.42903
666,LaCuMoO3,Cu,-4.42207
667,LaNbPdO3,Pd,-4.41788
668,SrMnCoO3,Co,-4.41718
669,BaNiO3,Ni,-4.41647
670,GdBaFeO3,Fe,-4.411
671,LaSrCoO3,Co,-4.39114
672,LaSrCoO3,Co,-4.39045
673,LaCoCuO3,Co,-4.39006
674,EuBaFeO3,Fe,-4.38725
675,SrCoRuO3,Co,-4.37812
676,LaCoAgO3,Co,-4.37426
677,LaSrMnCoO3,Co,-4.37226
678,LaNiZrO3,Ni,-4.36655
679,LaSrNiZrO3,Zr,-4.36486
680,SrTiFeO3,Fe,-4.36426
681,LaZrPdO3,Pd,-4.36089
682,LaCrNiO3,Ni,-4.3585
683,CeBaCoO3,Co,-4.3468
684,SrTiRhO3,Ti,-4.34275
685,LaSrMnCuO3,Cu,-4.33962
686,LaSrCrPdO3,Pd,-4.33588
687,NdBaTiO3,Ti,-4.33072
688,SrZrRhO3,Zr,-4.33002
689,LaFeAgO3,Fe,-4.32768
690,LaSrFeNiO3,Fe,-4.32509
691,SrMnZrO3,Mn,-4.31631
692,NdFeO3,Fe,-4.31328
693,PrBaFeO3,Fe,-4.31166
694,PrYO3,Y,-4.30609
695,LaSrNiRhO3,Ni,-4.29625
696,CeNiO3,Ni,-4.29562
697,SrVFeO3,V,-4.28246
698,SrPdO3,Pd,-4.27462
699,LaSrFeAgO3,Fe,-4.27413
700,LaSrZrAgO3,Zr,-4.26336
701,PmFeO3,Fe,-4.25977
702,SrNiTcO3,Ni,-4.25706
703,SrCoZrO3,Co,-4.2549
704,SrCoRhO3,Co,-4.25349
705,LaSrTiNiO3,Ti,-4.25321
706,NdNiO3,Ni,-4.24899
707,SrNbAgO3,Nb,-4.24758
708,LaSrPdO3,Pd,-4.22751
709,LaTiCoO3,Co,-4.22506
710,LaSrPdO3,Pd,-4.22499
711,SrCoO3,Co,-4.20634
712,LaCoNiO3,Ni,-4.20494
713,SrCoO3,Co,-4.20094
714,SrCoTcO3,Co,-4.1959
715,PmNiO3,Ni,-4.18931
716,LaSrCoNiO3,Co,-4.18924
717,BaMnO3,Mn,-4.18731
718,LaCuNbO3,Cu,-4.18587
719,SrVAgO3,V,-4.18406
720,LaMnNiO3,Ni,-4.18386
721,LaSrMnRhO3,Mn,-4.18303
722,SmBaPdO3,Pd,-4.17588
723,SrTiCoO3,Ti,-4.17389
724,LaSrNiRuO3,Ni,-4.16097
725,EuPdO3,Pd,-4.15792
726,LaSrCrNiO3,Ni,-4.15163
727,SrTiMnO3,Ti,-4.15063
728,CeBaNiO3,Ni,-4.14957
729,LaSrNiNbO3,Ni,-4.14859
730,LaFeCoO3,Co,-4.14709
731,SmPdO3,Pd,-4.14261
732,LaSrFeCuO3,Fe,-4.13664
733,SrMnNiO3,Ni,-4.13238
734,SrFePdO3,Fe,-4.13178
735,PrPdO3,Pd,-4.13073
736,LaSrMnPdO3,Pd,-4.12853
737,LaMoAgO3,Ag,-4.12772
738,LaSrVNiO3,Ni,-4.12117
739,EuNiO3,Ni,-4.1211
740,SmNiO3,Ni,-4.1144
741,LaSrRhPdO3,Pd,-4.11333
742,SrTiCoO3,Co,-4.10722
743,LaFeCuO3,Fe,-4.10513
744,LaTcPdO3,Pd,-4.09595
745,LaSrMoPdO3,Pd,-4.08925
746,PmPdO3,Pd,-4.08291
747,LaNiO3,Ni,-4.0803
748,SrFeCoO3,Fe,-4.0784
749,SrZrPdO3,Pd,-4.07411
750,LaSrMnPdO3,Mn,-4.07129
751,LaNiPdO3,Ni,-4.06659
752,LaSrTiAgO3,Ti,-4.05998
753,SrFeCoO3,Co,-4.057
754,SrCoZrO3,Zr,-4.04902
755,SrCoPdO3,Co,-4.04779
756,SrCuRuO3,Cu,-4.04667
757,LaRhPdO3,Pd,-4.04621
758,SrCuNbO3,Nb,-4.042
759,LaSrPdAgO3,Pd,-4.04172
760,LaSrNiPdO3,Pd,-4.04028
761,LaSrCuMoO3,Cu,-4.03846
762,BaPdO3,Pd,-4.035
763,LaMoPdO3,Pd,-4.02778
764,SrNiMoO3,Ni,-4.02546
765,LaNiO3,Ni,-4.0204
766,LaNiO3,Ni,-4.01843
767,SrVCuO3,V,-4.00802
768,LaPdO3,Pd,-4.00568
769,CeBaPdO3,Pd,-4.00239
770,NdYO3,Y,-3.9977
771,SrNiRuO3,Ni,-3.9967
772,SrFeAgO3,Fe,-3.99051
773,LaNiPdO3,Pd,-3.98902
774,LaSrCoCuO3,Co,-3.98553
775,SrCrPdO3,Pd,-3.98478
776,LaSrFeNiO3,Ni,-3.97221
777,SrPdAgO3,Pd,-3.96987
778,PrNiO3,Ni,-3.9594
779,SrCrNiO3,Ni,-3.94645
780,LaVCuO3,Cu,-3.93853
781,LaFeNiO3,Ni,-3.93394
782,GdFeO3,Fe,-3.91466
783,LaTiPdO3,Pd,-3.91434
784,SrCoNiO3,Co,-3.89629
785,EuYO3,Y,-3.8865
786,LaSrCuPdO3,Pd,-3.87872
787,SrNbPdO3,Pd,-3.87468
788,SrPdO3,Pd,-3.86961
789,LaCuPdO3,Pd,-3.86846
790,SrFePdO3,Pd,-3.86546
791,SrMoPdO3,Pd,-3.86514
792,LaBaNiO3,Ni,-3.85918
793,SrMnPdO3,Pd,-3.85348
794,LaVPdO3,Pd,-3.84582
795,LaCoPdO3,Pd,-3.84505
796,LaSrCuZrO3,Zr,-3.84384
797,LaSrCoNiO3,Ni,-3.84329
798,SrFeNiO3,Fe,-3.8425
799,SrNiPdO3,Pd,-3.83013
800,SrNiPdO3,Ni,-3.82922
801,LaPdAgO3,Pd,-3.82882
802,SrRhPdO3,Pd,-3.82665
803,LaRuPdO3,Pd,-3.8245
804,LaMnPdO3,Pd,-3.82448
805,SrNiRhO3,Ni,-3.82378
806,LaSrRuPdO3,Pd,-3.81581
807,PrScO3,Sc,-3.81212
808,SmYO3,Y,-3.79885
809,SrCuPdO3,Pd,-3.79743
810,LaSrMnNiO3,Ni,-3.79692
811,SrVNiO3,Ni,-3.78583
812,CePdO3,Pd,-3.78396
813,LaSrVNiO3,V,-3.7798
814,LaTiNiO3,Ni,-3.77948
815,LaNiCuO3,Ni,-3.76729
816,LaCuTcO3,Cu,-3.76572
817,LaSrNiO3,Ni,-3.76511
818,LaSrNiO3,Ni,-3.76432
819,LaSrCoPdO3,Pd,-3.76348
820,LaSrVPdO3,Pd,-3.75244
821,SrMnZrO3,Zr,-3.75193
822,SmBaNiO3,Ni,-3.74712
823,LaCrCuO3,Cu,-3.74387
824,SrCoPdO3,Pd,-3.73719
825,SrTcPdO3,Pd,-3.73307
826,PmYO3,Y,-3.72595
827,SrCoNiO3,Ni,-3.71938
828,LaSrNiZrO3,Ni,-3.70937
829,LaSrTiCuO3,Ti,-3.70902
830,SrFeNiO3,Ni,-3.69452
831,SrNiNbO3,Ni,-3.69288
832,BaTiO3,Ti,-3.68419
833,SrTiNiO3,Ti,-3.67527
834,SrNiO3,Ni,-3.66998
835,SrVPdO3,Pd,-3.66966
836,SrNiO3,Ni,-3.66893
837,SrNiZrO3,Ni,-3.65967
838,LaNiAgO3,Ni,-3.65221
839,LaSrTiNiO3,Ni,-3.64823
840,LaCuRuO3,Cu,-3.63342
841,LaSrNiCuO3,Ni,-3.63336
842,SrCoAgO3,Co,-3.62582
843,CeAgO3,Ag,-3.60088
844,SrMnFeO3,Fe,-3.58909
845,SrCoCuO3,Co,-3.58464
846,LaSrFePdO3,Pd,-3.58367
847,LaCrAgO3,Ag,-3.56374
848,NdScO3,Sc,-3.56235
849,SrTiPdO3,Ti,-3.54425
850,SrFeCuO3,Fe,-3.54194
851,SrTiAgO3,Ti,-3.53885
852,LaFePdO3,Pd,-3.53382
853,EuBaCoO3,Co,-3.53124
854,LaNbAgO3,Ag,-3.5281
855,SrTiNiO3,Ni,-3.51532
856,SrNiAgO3,Ni,-3.50592
857,SrNiZrO3,Zr,-3.49204
858,SrFeNbO3,Fe,-3.49049
859,PrBaYO3,Y,-3.48491
860,LaYO3,Y,-3.48276
861,BaCuO3,Cu,-3.47988
862,SrZrAgO3,Zr,-3.47789
863,SrNiCuO3,Ni,-3.46742
864,SrZrPdO3,Zr,-3.46699
865,EuBaYO3,Y,-3.44575
866,LaTcAgO3,Ag,-3.37999
867,LaCuRhO3,Cu,-3.37629
868,LaSrCuRuO3,Cu,-3.34101
869,LaVAgO3,Ag,-3.31389
870,SrFeO3,Fe,-3.30869
871,SrTiO3,Ti,-3.29728
872,SrTiO3,Ti,-3.29461
873,LaRuAgO3,Ag,-3.27549
874,LaFeCuO3,Cu,-3.24757
875,LaCoCuO3,Cu,-3.24015
876,SmBaYO3,Y,-3.23713
877,LaSrCrCuO3,Cu,-3.22461
878,CeCuO3,Cu,-3.20775
879,SrNiCuO3,Cu,-3.20493
880,SrCuZrO3,Zr,-3.19532
881,NdBaScO3,Sc,-3.19443
882,GdScO3,Sc,-3.19356
883,SrTiZrO3,Zr,-3.18284
884,GdBaYO3,Y,-3.17881
885,EuScO3,Sc,-3.17363
886,SrTiCuO3,Ti,-3.16692
887,LaCuZrO3,Cu,-3.15946
888,SrZrO3,Zr,-3.14954
889,SrZrO3,Zr,-3.1491
890,NdBaMnO3,Mn,-3.14234
891,SmScO3,Sc,-3.12969
892,SrCrCuO3,Cu,-3.12479
893,BaZrO3,Zr,-3.1245
894,SrCuMoO3,Cu,-3.10859
895,SrCuRhO3,Cu,-3.09911
896,SrCuPdO3,Cu,-3.09717
897,LaSrVCuO3,Cu,-3.07947
898,PrBaScO3,Sc,-3.07144
899,LaSrNiCuO3,Cu,-3.06689
900,LaBaCuO3,Cu,-3.06611
901,EuBaCuO3,Cu,-3.06416
902,SrCoCuO3,Cu,-3.06192
903,LaSrCuNbO3,Cu,-3.05835
904,SrCuO3,Cu,-3.04592
905,SrCuO3,Cu,-3.04435
906,SrFeCuO3,Cu,-3.03125
907,LaSrCuPdO3,Cu,-3.02856
908,SrTiZrO3,Ti,-3.02346
909,LaSrZrAgO3,Ag,-3.01265
910,LaSrCoCuO3,Cu,-3.00743
911,SmBaCuO3,Cu,-3.00571
912,LaSrCuZrO3,Cu,-2.99161
913,CeLaCuO3,Cu,-2.99098
914,LaTiCuO3,Cu,-2.98861
915,SrMnCuO3,Mn,-2.98076
916,LaMnCuO3,Cu,-2.9788
917,LaScO3,Sc,-2.97384
918,GdBaScO3,Sc,-2.97092
919,LaZrAgO3,Ag,-2.96793
920,CeBaScO3,Sc,-2.96537
921,SrVCuO3,Cu,-2.94386
922,LaSrFeCuO3,Cu,-2.93206
923,LaFeAgO3,Ag,-2.92934
924,LaSrCuO3,Cu,-2.92332
925,LaSrCuO3,Cu,-2.92224
926,NdBaYO3,Y,-2.91225
927,LaNiCuO3,Cu,-2.90611
928,LaSrRhAgO3,Ag,-2.9
929,LaCoAgO3,Ag,-2.89457
930,CeLaAgO3,Ag,-2.88423
931,BaYO3,Y,-2.85545
932,SrTiCuO3,Cu,-2.85491
933,LaRhAgO3,Ag,-2.85387
934,SrCuZrO3,Cu,-2.85365
935,EuCuO3,Cu,-2.85183
936,LaCuO3,Cu,-2.85101
937,SmBaScO3,Sc,-2.84887
938,SmCuO3,Cu,-2.84759
939,GdBaCuO3,Cu,-2.84098
940,PrAgO3,Ag,-2.83719
941,LaSrCuAgO3,Cu,-2.8129
942,SrZrAgO3,Ag,-2.81173
943,LaSrTiCuO3,Cu,-2.80523
944,SrCuAgO3,Cu,-2.80397
945,CeBaCuO3,Cu,-2.80295
946,NdAgO3,Ag,-2.80285
947,LaSrNbAgO3,Ag,-2.79569
948,LaCuAgO3,Cu,-2.76531
949,SrPdAgO3,Ag,-2.76521
950,LaSrNiAgO3,Ag,-2.74978
951,EuAgO3,Ag,-2.72661
952,LaSrCoAgO3,Ag,-2.71635
953,SmAgO3,Ag,-2.71434
954,EuBaAgO3,Ag,-2.71048
955,LaMnAgO3,Ag,-2.70989
956,SrAgO3,Ag,-2.69955
957,SrAgO3,Ag,-2.69723
958,LaAgO3,Ag,-2.69588
959,SrCuAgO3,Ag,-2.69243
960,BaScO3,Sc,-2.68018
961,LaSrPdAgO3,Ag,-2.67408
962,LaSrMnAgO3,Ag,-2.67081
963,LaSrTiAgO3,Ag,-2.6505
964,LaNiAgO3,Ag,-2.64288
965,LaSrVAgO3,Ag,-2.63926
966,SrRhAgO3,Ag,-2.63817
967,PmAgO3,Ag,-2.62705
968,LaSrFeAgO3,Ag,-2.61741
969,LaBaScO3,Sc,-2.61486
970,BaAgO3,Ag,-2.60583
971,SrMoAgO3,Ag,-2.58566
972,CeBaAgO3,Ag,-2.58522
973,NdBaAgO3,Ag,-2.58108
974,LaPdAgO3,Ag,-2.56755
975,LaCuPdO3,Cu,-2.56519
976,SrCoAgO3,Ag,-2.56054
977,SrCrAgO3,Ag,-2.56031
978,LaSrCuAgO3,Ag,-2.54986
979,LaTiAgO3,Ag,-2.4859
980,SrCuNbO3,Cu,-2.45084
981,SmBaAgO3,Ag,-2.43014
982,LaBaAgO3,Ag,-2.42893
983,SrNbAgO3,Ag,-2.40537
984,SrFeAgO3,Ag,-2.38555
985,GdBaAgO3,Ag,-2.34016
986,SrVAgO3,Ag,-2.138
987,PmBaRhO3,Rh,-1.84017
988,PrBaAgO3,Ag,-1.33936
989,LaCrRuO3,Ru,-0.38765
990,LaCrTcO3,Tc,-0.19342
991,LaCuNbO3,Nb,-0.11216
992,LaCrRhO3,Rh,-0.08087
993,LaCrPdO3,Pd,-0.04602
994,LaCuMoO3,Mo,0.10115
995,LaCrZrO3,Zr,0.16305
996,LaCuAgO3,Ag,0.19226
997,GdBaZrO3,Zr,2.60126
998,PmCuO3,Cu,7.46994
999,GdBaMnO3,Mn,7.78974
1000,GdBaPdO3,Pd,8.87288